tide_id,water_level_m,direction_from_deg,period_s,matrix_row,matrix_col,transfer_coefficient
tide_low,-1.5,15.0,24.0,0,0,0.9907819797532715
tide_low,-1.5,15.0,22.5,0,1,0.9953857768452812
tide_low,-1.5,15.0,20.5,0,2,0.995808706693861
tide_low,-1.5,15.0,18.5,0,3,0.9797933736328961
tide_low,-1.5,15.0,16.5,0,4,0.9550064961629685
tide_low,-1.5,15.0,15.0,0,5,0.933360635816614
tide_low,-1.5,15.0,14.0,0,6,0.9183228109050665
tide_low,-1.5,15.0,12.5,0,7,0.8962266394213252
tide_low,-1.5,15.0,11.0,0,8,0.8763938149369688
tide_low,-1.5,15.0,10.0,0,9,0.8652939169948528
tide_low,-1.5,15.0,9.0,0,10,0.8563711661675235
tide_low,-1.5,15.0,8.0,0,11,0.8498745039427318
tide_low,-1.5,15.0,7.5,0,12,0.8475411459480702
tide_low,-1.5,15.0,7.0,0,13,0.8457576747883078
tide_low,-1.5,15.0,6.5,0,14,0.8444079564888183
tide_low,-1.5,15.0,6.0,0,15,0.8432841904355852
tide_low,-1.5,15.0,5.0,0,16,0.8402708239916166
tide_low,-1.5,15.0,4.0,0,17,0.8336784942224229
tide_low,-1.5,30.0,24.0,1,0,0.7689590730739138
tide_low,-1.5,30.0,22.5,1,1,0.7664279472860329
tide_low,-1.5,30.0,20.5,1,2,0.7610590563208577
tide_low,-1.5,30.0,18.5,1,3,0.7549770998273377
tide_low,-1.5,30.0,16.5,1,4,0.7461687663952343
tide_low,-1.5,30.0,15.0,1,5,0.7366079325676331
tide_low,-1.5,30.0,14.0,1,6,0.7290763345475018
tide_low,-1.5,30.0,12.5,1,7,0.7170232557124354
tide_low,-1.5,30.0,11.0,1,8,0.705734691081199
tide_low,-1.5,30.0,10.0,1,9,0.6997747228130233
tide_low,-1.5,30.0,9.0,1,10,0.6960001792608352
tide_low,-1.5,30.0,8.0,1,11,0.6952739708214732
tide_low,-1.5,30.0,7.5,1,12,0.6963069065946463
tide_low,-1.5,30.0,7.0,1,13,0.6983631692997552
tide_low,-1.5,30.0,6.5,1,14,0.7014404015590587
tide_low,-1.5,30.0,6.0,1,15,0.7054085504506826
tide_low,-1.5,30.0,5.0,1,16,0.7139573917155912
tide_low,-1.5,30.0,4.0,1,17,0.716251593363002
tide_low,-1.5,45.0,24.0,2,0,0.5576261256504322
tide_low,-1.5,45.0,22.5,2,1,0.5553459823181868
tide_low,-1.5,45.0,20.5,2,2,0.5514163073156784
tide_low,-1.5,45.0,18.5,2,3,0.5467125635751842
tide_low,-1.5,45.0,16.5,2,4,0.541242693679262
tide_low,-1.5,45.0,15.0,2,5,0.536529052173262
tide_low,-1.5,45.0,14.0,2,6,0.5331367563774574
tide_low,-1.5,45.0,12.5,2,7,0.5280367909643537
tide_low,-1.5,45.0,11.0,2,8,0.5239069651312995
tide_low,-1.5,45.0,10.0,2,9,0.5226137268468234
tide_low,-1.5,45.0,9.0,2,10,0.5234691055215102
tide_low,-1.5,45.0,8.0,2,11,0.5276165285152441
tide_low,-1.5,45.0,7.5,2,12,0.5313427043068906
tide_low,-1.5,45.0,7.0,2,13,0.5363908249824885
tide_low,-1.5,45.0,6.5,2,14,0.5428761480954014
tide_low,-1.5,45.0,6.0,2,15,0.5507951994938143
tide_low,-1.5,45.0,5.0,2,16,0.5691923148669673
tide_low,-1.5,45.0,4.0,2,17,0.5818432938073634
tide_low,-1.5,60.0,24.0,3,0,0.376124529394529
tide_low,-1.5,60.0,22.5,3,1,0.374108212204983
tide_low,-1.5,60.0,20.5,3,2,0.37117524062988494
tide_low,-1.5,60.0,18.5,3,3,0.3681761141483797
tide_low,-1.5,60.0,16.5,3,4,0.3652515857647276
tide_low,-1.5,60.0,15.0,3,5,0.36311585892245457
tide_low,-1.5,60.0,14.0,3,6,0.36173158237736924
tide_low,-1.5,60.0,12.5,3,7,0.3598569046234461
tide_low,-1.5,60.0,11.0,3,8,0.3587590885412153
tide_low,-1.5,60.0,10.0,3,9,0.35910356482688943
tide_low,-1.5,60.0,9.0,3,10,0.3611637516235833
tide_low,-1.5,60.0,8.0,3,11,0.3661421722451639
tide_low,-1.5,60.0,7.5,3,12,0.370245592896409
tide_low,-1.5,60.0,7.0,3,13,0.37575952374126764
tide_low,-1.5,60.0,6.5,3,14,0.3829167823772135
tide_low,-1.5,60.0,6.0,3,15,0.39182232155347396
tide_low,-1.5,60.0,5.0,3,16,0.4139661124854701
tide_low,-1.5,60.0,4.0,3,17,0.43818643493622655
tide_low,-1.5,75.0,24.0,4,0,0.23972455636350354
tide_low,-1.5,75.0,22.5,4,1,0.23815391898004945
tide_low,-1.5,75.0,20.5,4,2,0.23633878436716627
tide_low,-1.5,75.0,18.5,4,3,0.23528222809024024
tide_low,-1.5,75.0,16.5,4,4,0.23483635667145641
tide_low,-1.5,75.0,15.0,4,5,0.23451966003377267
tide_low,-1.5,75.0,14.0,4,6,0.2341589195767213
tide_low,-1.5,75.0,12.5,4,7,0.23325197192138525
tide_low,-1.5,75.0,11.0,4,8,0.23197973516566872
tide_low,-1.5,75.0,10.0,4,9,0.2312665307690418
tide_low,-1.5,75.0,9.0,4,10,0.23133784038242267
tide_low,-1.5,75.0,8.0,4,11,0.2333872012889855
tide_low,-1.5,75.0,7.5,4,12,0.23575025139881678
tide_low,-1.5,75.0,7.0,4,13,0.23947574392830218
tide_low,-1.5,75.0,6.5,4,14,0.2452536043691076
tide_low,-1.5,75.0,6.0,4,15,0.25357452335950725
tide_low,-1.5,75.0,5.0,4,16,0.2766953833054302
tide_low,-1.5,75.0,4.0,4,17,0.3072554854039602
tide_low,-1.5,90.0,24.0,5,0,0.1562325580016748
tide_low,-1.5,90.0,22.5,5,1,0.15579529268054593
tide_low,-1.5,90.0,20.5,5,2,0.15543728421859582
tide_low,-1.5,90.0,18.5,5,3,0.15596979406082712
tide_low,-1.5,90.0,16.5,5,4,0.1567347005326627
tide_low,-1.5,90.0,15.0,5,5,0.15684029011507228
tide_low,-1.5,90.0,14.0,5,6,0.15645992379817297
tide_low,-1.5,90.0,12.5,5,7,0.15488772622273705
tide_low,-1.5,90.0,11.0,5,8,0.1518407554035841
tide_low,-1.5,90.0,10.0,5,9,0.14897836532138342
tide_low,-1.5,90.0,9.0,5,10,0.14591717519756564
tide_low,-1.5,90.0,8.0,5,11,0.14364972653544816
tide_low,-1.5,90.0,7.5,5,12,0.14350371481695845
tide_low,-1.5,90.0,7.0,5,13,0.1446381404048913
tide_low,-1.5,90.0,6.5,5,14,0.14770720186092579
tide_low,-1.5,90.0,6.0,5,15,0.15316902710199454
tide_low,-1.5,90.0,5.0,5,16,0.17231164314265346
tide_low,-1.5,90.0,4.0,5,17,0.20348864742445194
tide_low,-1.5,105.0,24.0,6,0,0.11751155284517578
tide_low,-1.5,105.0,22.5,6,1,0.1190465694204863
tide_low,-1.5,105.0,20.5,6,2,0.12045018445008626
tide_low,-1.5,105.0,18.5,6,3,0.12075251140165477
tide_low,-1.5,105.0,16.5,6,4,0.11968399165123067
tide_low,-1.5,105.0,15.0,6,5,0.11787444357684818
tide_low,-1.5,105.0,14.0,6,6,0.11611950793401915
tide_low,-1.5,105.0,12.5,6,7,0.1125378128431418
tide_low,-1.5,105.0,11.0,6,8,0.10773996509709205
tide_low,-1.5,105.0,10.0,6,9,0.10345797876647067
tide_low,-1.5,105.0,9.0,6,10,0.09771625891567126
tide_low,-1.5,105.0,8.0,6,11,0.09140074072307325
tide_low,-1.5,105.0,7.5,6,12,0.08856142853870885
tide_low,-1.5,105.0,7.0,6,13,0.08657820169524433
tide_low,-1.5,105.0,6.5,6,14,0.08625379236347275
tide_low,-1.5,105.0,6.0,6,15,0.0883535393552406
tide_low,-1.5,105.0,5.0,6,16,0.1020669696180283
tide_low,-1.5,105.0,4.0,6,17,0.13136396214468382
tide_low,-1.5,120.0,24.0,7,0,0.10247968459381451
tide_low,-1.5,120.0,22.5,7,1,0.1052193521690803
tide_low,-1.5,120.0,20.5,7,2,0.10745804823583849
tide_low,-1.5,120.0,18.5,7,3,0.10611228086603375
tide_low,-1.5,120.0,16.5,7,4,0.10198541111822501
tide_low,-1.5,120.0,15.0,7,5,0.0973978037787524
tide_low,-1.5,120.0,14.0,7,6,0.09366818286293754
tide_low,-1.5,120.0,12.5,7,7,0.08703865617367557
tide_low,-1.5,120.0,11.0,7,8,0.07901241495132649
tide_low,-1.5,120.0,10.0,7,9,0.07271006265578195
tide_low,-1.5,120.0,9.0,7,10,0.06560463187551102
tide_low,-1.5,120.0,8.0,7,11,0.058226206898132515
tide_low,-1.5,120.0,7.5,7,12,0.05485883164585137
tide_low,-1.5,120.0,7.0,7,13,0.05217225899463118
tide_low,-1.5,120.0,6.5,7,14,0.05078000613012179
tide_low,-1.5,120.0,6.0,7,15,0.05146951104956132
tide_low,-1.5,120.0,5.0,7,16,0.0625323447814492
tide_low,-1.5,120.0,4.0,7,17,0.09135846535738468
tide_low,-1.5,135.0,24.0,8,0,0.1002299684812582
tide_low,-1.5,135.0,22.5,8,1,0.10221348727619506
tide_low,-1.5,135.0,20.5,8,2,0.10321549553664666
tide_low,-1.5,135.0,18.5,8,3,0.10088628101907093
tide_low,-1.5,135.0,16.5,8,4,0.09555266337956558
tide_low,-1.5,135.0,15.0,8,5,0.08983220551759863
tide_low,-1.5,135.0,14.0,8,6,0.08527469583853686
tide_low,-1.5,135.0,12.5,8,7,0.07740050673464571
tide_low,-1.5,135.0,11.0,8,8,0.06837275284663247
tide_low,-1.5,135.0,10.0,8,9,0.06182078201736174
tide_low,-1.5,135.0,9.0,8,10,0.05508938674541697
tide_low,-1.5,135.0,8.0,8,11,0.04879201935038102
tide_low,-1.5,135.0,7.5,8,12,0.04620543210250405
tide_low,-1.5,135.0,7.0,8,13,0.04436854174250793
tide_low,-1.5,135.0,6.5,8,14,0.04371589778195584
tide_low,-1.5,135.0,6.0,8,15,0.04485651735284213
tide_low,-1.5,135.0,5.0,8,16,0.0564509554760908
tide_low,-1.5,135.0,4.0,8,17,0.08654897579783682
tide_low,-1.5,150.0,24.0,9,0,0.1218890532200334
tide_low,-1.5,150.0,22.5,9,1,0.12259756589792059
tide_low,-1.5,150.0,20.5,9,2,0.12200616953569365
tide_low,-1.5,150.0,18.5,9,3,0.11921822705783258
tide_low,-1.5,150.0,16.5,9,4,0.11394772118719032
tide_low,-1.5,150.0,15.0,9,5,0.10839152223536519
tide_low,-1.5,150.0,14.0,9,6,0.10403287781113402
tide_low,-1.5,150.0,12.5,9,7,0.09680849395979862
tide_low,-1.5,150.0,11.0,9,8,0.08922984307515991
tide_low,-1.5,150.0,10.0,9,9,0.08427843455921813
tide_low,-1.5,150.0,9.0,9,10,0.07972700069295291
tide_low,-1.5,150.0,8.0,9,11,0.07615875307321951
tide_low,-1.5,150.0,7.5,9,12,0.0750922633274067
tide_low,-1.5,150.0,7.0,9,13,0.07482271434740584
tide_low,-1.5,150.0,6.5,9,14,0.07571895081970492
tide_low,-1.5,150.0,6.0,9,15,0.07829964688284252
tide_low,-1.5,150.0,5.0,9,16,0.09158023660650016
tide_low,-1.5,150.0,4.0,9,17,0.12236689817039825
tide_low,-1.5,165.0,24.0,10,0,0.1843224126004629
tide_low,-1.5,165.0,22.5,10,1,0.18507014666581412
tide_low,-1.5,165.0,20.5,10,2,0.18437855663071245
tide_low,-1.5,165.0,18.5,10,3,0.18177511722592476
tide_low,-1.5,165.0,16.5,10,4,0.17676467202674506
tide_low,-1.5,165.0,15.0,10,5,0.17121125436223616
tide_low,-1.5,165.0,14.0,10,6,0.16688434679204023
tide_low,-1.5,165.0,12.5,10,7,0.16040027265775125
tide_low,-1.5,165.0,11.0,10,8,0.15512823351638694
tide_low,-1.5,165.0,10.0,10,9,0.1524342184397265
tide_low,-1.5,165.0,9.0,10,10,0.15051336194210385
tide_low,-1.5,165.0,8.0,10,11,0.14983444222207787
tide_low,-1.5,165.0,7.5,10,12,0.1502602847396668
tide_low,-1.5,165.0,7.0,10,13,0.15146369611124078
tide_low,-1.5,165.0,6.5,10,14,0.15374410983921338
tide_low,-1.5,165.0,6.0,10,15,0.1575109455221353
tide_low,-1.5,165.0,5.0,10,16,0.1719488669874678
tide_low,-1.5,165.0,4.0,10,17,0.20273980683933668
tide_low,-1.5,180.0,24.0,11,0,0.29171904649439706
tide_low,-1.5,180.0,22.5,11,1,0.29494897860596936
tide_low,-1.5,180.0,20.5,11,2,0.2973254141716378
tide_low,-1.5,180.0,18.5,11,3,0.2968861630323596
tide_low,-1.5,180.0,16.5,11,4,0.2930883303164713
tide_low,-1.5,180.0,15.0,11,5,0.28800805639240745
tide_low,-1.5,180.0,14.0,11,6,0.28384159018062616
tide_low,-1.5,180.0,12.5,11,7,0.27776377432932586
tide_low,-1.5,180.0,11.0,11,8,0.2736632686619834
tide_low,-1.5,180.0,10.0,11,9,0.27194688917681265
tide_low,-1.5,180.0,9.0,11,10,0.27114716175900166
tide_low,-1.5,180.0,8.0,11,11,0.2717563058375614
tide_low,-1.5,180.0,7.5,11,12,0.27287931665662657
tide_low,-1.5,180.0,7.0,11,13,0.2747964300896222
tide_low,-1.5,180.0,6.5,11,14,0.27778056685255414
tide_low,-1.5,180.0,6.0,11,15,0.28220175894528765
tide_low,-1.5,180.0,5.0,11,16,0.29748746756151534
tide_low,-1.5,180.0,4.0,11,17,0.325862350420121
tide_low,-1.5,195.0,24.0,12,0,0.4294072195547053
tide_low,-1.5,195.0,22.5,12,1,0.4373024645617075
tide_low,-1.5,195.0,20.5,12,2,0.4454798965167489
tide_low,-1.5,195.0,18.5,12,3,0.44974774234394277
tide_low,-1.5,195.0,16.5,12,4,0.44953396759980147
tide_low,-1.5,195.0,15.0,12,5,0.44677310368561163
tide_low,-1.5,195.0,14.0,12,6,0.44404807510875777
tide_low,-1.5,195.0,12.5,12,7,0.43935516371780425
tide_low,-1.5,195.0,11.0,12,8,0.434926134847229
tide_low,-1.5,195.0,10.0,12,9,0.43263466566201847
tide_low,-1.5,195.0,9.0,12,10,0.4312564014246497
tide_low,-1.5,195.0,8.0,12,11,0.4313075797309288
tide_low,-1.5,195.0,7.5,12,12,0.4321324916294249
tide_low,-1.5,195.0,7.0,12,13,0.43370711424252684
tide_low,-1.5,195.0,6.5,12,14,0.43626421102697077
tide_low,-1.5,195.0,6.0,12,15,0.44011164619234044
tide_low,-1.5,195.0,5.0,12,16,0.45335950623148125
tide_low,-1.5,195.0,4.0,12,17,0.4773327370308291
tide_low,-1.5,210.0,24.0,13,0,0.5681819829146302
tide_low,-1.5,210.0,22.5,13,1,0.5823338052138529
tide_low,-1.5,210.0,20.5,13,2,0.5989870705124465
tide_low,-1.5,210.0,18.5,13,3,0.6087600556782877
tide_low,-1.5,210.0,16.5,13,4,0.6135587895842074
tide_low,-1.5,210.0,15.0,13,5,0.6148417904901824
tide_low,-1.5,210.0,14.0,13,6,0.6148078328856235
tide_low,-1.5,210.0,12.5,13,7,0.613714772507252
tide_low,-1.5,210.0,11.0,13,8,0.6118037117405162
tide_low,-1.5,210.0,10.0,13,9,0.6103907987826769
tide_low,-1.5,210.0,9.0,13,10,0.609191294647105
tide_low,-1.5,210.0,8.0,13,11,0.608655915739863
tide_low,-1.5,210.0,7.5,13,12,0.6088556197973618
tide_low,-1.5,210.0,7.0,13,13,0.60953888683888
tide_low,-1.5,210.0,6.5,13,14,0.6108836146479268
tide_low,-1.5,210.0,6.0,13,15,0.6131170239034478
tide_low,-1.5,210.0,5.0,13,16,0.6214176987048938
tide_low,-1.5,210.0,4.0,13,17,0.6368025114564051
tide_low,-1.5,225.0,24.0,14,0,0.6761901366216747
tide_low,-1.5,225.0,22.5,14,1,0.6937941761562068
tide_low,-1.5,225.0,20.5,14,2,0.7165856908796246
tide_low,-1.5,225.0,18.5,14,3,0.7370723358437663
tide_low,-1.5,225.0,16.5,14,4,0.7543100473867892
tide_low,-1.5,225.0,15.0,14,5,0.764947873454106
tide_low,-1.5,225.0,14.0,14,6,0.7708857753477132
tide_low,-1.5,225.0,12.5,14,7,0.777915816135639
tide_low,-1.5,225.0,11.0,14,8,0.7825145423643891
tide_low,-1.5,225.0,10.0,14,9,0.7841935948446015
tide_low,-1.5,225.0,9.0,14,10,0.7848518645032267
tide_low,-1.5,225.0,8.0,14,11,0.7847372987663201
tide_low,-1.5,225.0,7.5,14,12,0.784535091558171
tide_low,-1.5,225.0,7.0,14,13,0.7843570048504807
tide_low,-1.5,225.0,6.5,14,14,0.7843286867545955
tide_low,-1.5,225.0,6.0,14,15,0.7846084673703362
tide_low,-1.5,225.0,5.0,14,16,0.7868825739434651
tide_low,-1.5,225.0,4.0,14,17,0.7928417102865395
tide_low,-1.5,240.0,24.0,15,0,0.7539997772097378
tide_low,-1.5,240.0,22.5,15,1,0.7754680926897173
tide_low,-1.5,240.0,20.5,15,2,0.806084981156487
tide_low,-1.5,240.0,18.5,15,3,0.8381346552564364
tide_low,-1.5,240.0,16.5,15,4,0.8700909549574352
tide_low,-1.5,240.0,15.0,15,5,0.8926793897374226
tide_low,-1.5,240.0,14.0,15,6,0.9064410787482036
tide_low,-1.5,240.0,12.5,15,7,0.9241880997688074
tide_low,-1.5,240.0,11.0,15,8,0.9373629978905327
tide_low,-1.5,240.0,10.0,15,9,0.9431172634487894
tide_low,-1.5,240.0,9.0,15,10,0.946273029749217
tide_low,-1.5,240.0,8.0,15,11,0.9468862374812392
tide_low,-1.5,240.0,7.5,15,12,0.946326206319581
tide_low,-1.5,240.0,7.0,15,13,0.9452749135807164
tide_low,-1.5,240.0,6.5,15,14,0.9438275566341621
tide_low,-1.5,240.0,6.0,15,15,0.9421070558783322
tide_low,-1.5,240.0,5.0,15,16,0.9384868765360621
tide_low,-1.5,240.0,4.0,15,17,0.9359778455842243
tide_low,-1.5,255.0,24.0,16,0,0.811477876554116
tide_low,-1.5,255.0,22.5,16,1,0.8375917838521847
tide_low,-1.5,255.0,20.5,16,2,0.8777283905266948
tide_low,-1.5,255.0,18.5,16,3,0.9232527080509367
tide_low,-1.5,255.0,16.5,16,4,0.9715521659464743
tide_low,-1.5,255.0,15.0,16,5,1.0067433909776726
tide_low,-1.5,255.0,14.0,16,6,1.028289428052381
tide_low,-1.5,255.0,12.5,16,7,1.055808167886247
tide_low,-1.5,255.0,11.0,16,8,1.0756348979674133
tide_low,-1.5,255.0,10.0,16,9,1.0838381518623263
tide_low,-1.5,255.0,9.0,16,10,1.0877995406669516
tide_low,-1.5,255.0,8.0,16,11,1.0875763447499462
tide_low,-1.5,255.0,7.5,16,12,1.0859832021732583
tide_low,-1.5,255.0,7.0,16,13,1.0834855373414252
tide_low,-1.5,255.0,6.5,16,14,1.080172176492174
tide_low,-1.5,255.0,6.0,16,15,1.0761566417904156
tide_low,-1.5,255.0,5.0,16,16,1.0666214912904275
tide_low,-1.5,255.0,4.0,16,17,1.0564747587774068
tide_low,-1.5,270.0,24.0,17,0,0.8569710654689207
tide_low,-1.5,270.0,22.5,17,1,0.8871730802655726
tide_low,-1.5,270.0,20.5,17,2,0.9384450476418182
tide_low,-1.5,270.0,18.5,17,3,1.001845501584424
tide_low,-1.5,270.0,16.5,17,4,1.0705128323054343
tide_low,-1.5,270.0,15.0,17,5,1.1181152067814617
tide_low,-1.5,270.0,14.0,17,6,1.145260456084265
tide_low,-1.5,270.0,12.5,17,7,1.1768569423120274
tide_low,-1.5,270.0,11.0,17,8,1.1963726112203572
tide_low,-1.5,270.0,10.0,17,9,1.2025685033939126
tide_low,-1.5,270.0,9.0,17,10,1.2034832662576278
tide_low,-1.5,270.0,8.0,17,11,1.1994117845762169
tide_low,-1.5,270.0,7.5,17,12,1.1956370939006744
tide_low,-1.5,270.0,7.0,17,13,1.1907948944026572
tide_low,-1.5,270.0,6.5,17,14,1.184972117931257
tide_low,-1.5,270.0,6.0,17,15,1.1782750146246634
tide_low,-1.5,270.0,5.0,17,16,1.1628196353915632
tide_low,-1.5,270.0,4.0,17,17,1.1459931061308204
tide_low,-1.5,285.0,24.0,18,0,0.9073730310060908
tide_low,-1.5,285.0,22.5,18,1,0.9352648670145127
tide_low,-1.5,285.0,20.5,18,2,0.9935880039068001
tide_low,-1.5,285.0,18.5,18,3,1.0860526584893817
tide_low,-1.5,285.0,16.5,18,4,1.1817318486135502
tide_low,-1.5,285.0,15.0,18,5,1.2320992541211728
tide_low,-1.5,285.0,14.0,18,6,1.2552530514423141
tide_low,-1.5,285.0,12.5,18,7,1.2773584669820366
tide_low,-1.5,285.0,11.0,18,8,1.2864515607030516
tide_low,-1.5,285.0,10.0,18,9,1.2860426673637413
tide_low,-1.5,285.0,9.0,18,10,1.2808601503452346
tide_low,-1.5,285.0,8.0,18,11,1.2712260798745376
tide_low,-1.5,285.0,7.5,18,12,1.2648476092147716
tide_low,-1.5,285.0,7.0,18,13,1.2574957355252678
tide_low,-1.5,285.0,6.5,18,14,1.2492332754107434
tide_low,-1.5,285.0,6.0,18,15,1.2401393219510375
tide_low,-1.5,285.0,5.0,18,16,1.2199108121854687
tide_low,-1.5,285.0,4.0,18,17,1.1982293369508685
tide_low,-1.5,300.0,24.0,19,0,1.0151389839956124
tide_low,-1.5,300.0,22.5,19,1,1.0436544239979098
tide_low,-1.5,300.0,20.5,19,2,1.0991833938429938
tide_low,-1.5,300.0,18.5,19,3,1.1776575758491763
tide_low,-1.5,300.0,16.5,19,4,1.255003397223203
tide_low,-1.5,300.0,15.0,19,5,1.2924578362104926
tide_low,-1.5,300.0,14.0,19,6,1.3074995810664314
tide_low,-1.5,300.0,12.5,19,7,1.3185528989885196
tide_low,-1.5,300.0,11.0,19,8,1.3185153294668028
tide_low,-1.5,300.0,10.0,19,9,1.3132667733118302
tide_low,-1.5,300.0,9.0,19,10,1.3042169483302395
tide_low,-1.5,300.0,8.0,19,11,1.2915504202899815
tide_low,-1.5,300.0,7.5,19,12,1.283903044300052
tide_low,-1.5,300.0,7.0,19,13,1.2754045033660217
tide_low,-1.5,300.0,6.5,19,14,1.2660829183882925
tide_low,-1.5,300.0,6.0,19,15,1.2559825957035509
tide_low,-1.5,300.0,5.0,19,16,1.233778855579005
tide_low,-1.5,300.0,4.0,19,17,1.2100910306493615
tide_low,-1.5,315.0,24.0,20,0,1.1392526590153969
tide_low,-1.5,315.0,22.5,20,1,1.1624054186212787
tide_low,-1.5,315.0,20.5,20,2,1.1966933473716548
tide_low,-1.5,315.0,18.5,20,3,1.2318587153422387
tide_low,-1.5,315.0,16.5,20,4,1.2617547140783367
tide_low,-1.5,315.0,15.0,20,5,1.2770049945404267
tide_low,-1.5,315.0,14.0,20,6,1.2831510345537422
tide_low,-1.5,315.0,12.5,20,7,1.2866838427287277
tide_low,-1.5,315.0,11.0,20,8,1.283966573475439
tide_low,-1.5,315.0,10.0,20,9,1.278722290831574
tide_low,-1.5,315.0,9.0,20,10,1.2705719788329297
tide_low,-1.5,315.0,8.0,20,11,1.2593143752762694
tide_low,-1.5,315.0,7.5,20,12,1.2524590843647498
tide_low,-1.5,315.0,7.0,20,13,1.2447618858056408
tide_low,-1.5,315.0,6.5,20,14,1.2362169494897932
tide_low,-1.5,315.0,6.0,20,15,1.2268374814331144
tide_low,-1.5,315.0,5.0,20,16,1.2058159556053276
tide_low,-1.5,315.0,4.0,20,17,1.1829931940676168
tide_low,-1.5,330.0,24.0,21,0,1.2131991239522204
tide_low,-1.5,330.0,22.5,21,1,1.2279154646573769
tide_low,-1.5,330.0,20.5,21,2,1.2434737831255012
tide_low,-1.5,330.0,18.5,21,3,1.246126507359608
tide_low,-1.5,330.0,16.5,21,4,1.2337058897079913
tide_low,-1.5,330.0,15.0,21,5,1.220738732997276
tide_low,-1.5,330.0,14.0,21,6,1.2141424378360242
tide_low,-1.5,330.0,12.5,21,7,1.209006996280169
tide_low,-1.5,330.0,11.0,21,8,1.2053757135755907
tide_low,-1.5,330.0,10.0,21,9,1.2016594103815992
tide_low,-1.5,330.0,9.0,21,10,1.1959369106952185
tide_low,-1.5,330.0,8.0,21,11,1.1876205138270377
tide_low,-1.5,330.0,7.5,21,12,1.182340541694333
tide_low,-1.5,330.0,7.0,21,13,1.1762454922095102
tide_low,-1.5,330.0,6.5,21,14,1.169295183255116
tide_low,-1.5,330.0,6.0,21,15,1.161465445426301
tide_low,-1.5,330.0,5.0,21,16,1.1432639576670889
tide_low,-1.5,330.0,4.0,21,17,1.1228775786818135
tide_low,-1.5,345.0,24.0,22,0,1.2139794265948591
tide_low,-1.5,345.0,22.5,22,1,1.2204932906309827
tide_low,-1.5,345.0,20.5,22,2,1.2209006416528565
tide_low,-1.5,345.0,18.5,22,3,1.2075262916180902
tide_low,-1.5,345.0,16.5,22,4,1.1792960444234577
tide_low,-1.5,345.0,15.0,22,5,1.1536425917701045
tide_low,-1.5,345.0,14.0,22,6,1.1392710286028143
tide_low,-1.5,345.0,12.5,22,7,1.1245697430254413
tide_low,-1.5,345.0,11.0,22,8,1.114241244517248
tide_low,-1.5,345.0,10.0,22,9,1.10790526287244
tide_low,-1.5,345.0,9.0,22,10,1.101109754625499
tide_low,-1.5,345.0,8.0,22,11,1.0932135175535747
tide_low,-1.5,345.0,7.5,22,12,1.0886547101886839
tide_low,-1.5,345.0,7.0,22,13,1.0835755688158537
tide_low,-1.5,345.0,6.5,22,14,1.0778836449254126
tide_low,-1.5,345.0,6.0,22,15,1.0714835143122308
tide_low,-1.5,345.0,5.0,22,16,1.0562669394276991
tide_low,-1.5,345.0,4.0,22,17,1.0384759072359317
tide_low,-1.5,360.0,24.0,23,0,1.1452963444499549
tide_low,-1.5,360.0,22.5,23,1,1.15043205946826
tide_low,-1.5,360.0,20.5,23,2,1.1484282581059686
tide_low,-1.5,360.0,18.5,23,3,1.1322962209229424
tide_low,-1.5,360.0,16.5,23,4,1.1029380026554252
tide_low,-1.5,360.0,15.0,23,5,1.076220147001412
tide_low,-1.5,360.0,14.0,23,6,1.058231935744562
tide_low,-1.5,360.0,12.5,23,7,1.0333738620692587
tide_low,-1.5,360.0,11.0,23,8,1.0125475128697792
tide_low,-1.5,360.0,10.0,23,9,1.0009834341262565
tide_low,-1.5,360.0,9.0,23,10,0.9909778594636798
tide_low,-1.5,360.0,8.0,23,11,0.9820982013917314
tide_low,-1.5,360.0,7.5,23,12,0.9778945066554874
tide_low,-1.5,360.0,7.0,23,13,0.973711296376405
tide_low,-1.5,360.0,6.5,23,14,0.9694091588683893
tide_low,-1.5,360.0,6.0,23,15,0.9648099431810842
tide_low,-1.5,360.0,5.0,23,16,0.9538403625889167
tide_low,-1.5,360.0,4.0,23,17,0.939600672958858
tide_mid,0.0,15.0,24.0,0,0,1.0225339932353439
tide_mid,0.0,15.0,22.5,0,1,1.023089348271517
tide_mid,0.0,15.0,20.5,0,2,1.0181078294953294
tide_mid,0.0,15.0,18.5,0,3,1.0020794836863258
tide_mid,0.0,15.0,16.5,0,4,0.9772339324305892
tide_mid,0.0,15.0,15.0,0,5,0.9543081694400564
tide_mid,0.0,15.0,14.0,0,6,0.9377328468629176
tide_mid,0.0,15.0,12.5,0,7,0.9124098182853153
tide_mid,0.0,15.0,11.0,0,8,0.888831000087908
tide_mid,0.0,15.0,10.0,0,9,0.8755783256448892
tide_mid,0.0,15.0,9.0,0,10,0.8654401010912158
tide_mid,0.0,15.0,8.0,0,11,0.8593374949135981
tide_mid,0.0,15.0,7.5,0,12,0.8580057768285863
tide_mid,0.0,15.0,7.0,0,13,0.85783918607962
tide_mid,0.0,15.0,6.5,0,14,0.8587418064517944
tide_mid,0.0,15.0,6.0,0,15,0.8604751687071852
tide_mid,0.0,15.0,5.0,0,16,0.8645275705195825
tide_mid,0.0,15.0,4.0,0,17,0.8656083280411981
tide_mid,0.0,30.0,24.0,1,0,0.795291220777691
tide_mid,0.0,30.0,22.5,1,1,0.7916798174612856
tide_mid,0.0,30.0,20.5,1,2,0.7834947967556771
tide_mid,0.0,30.0,18.5,1,3,0.7710917422896038
tide_mid,0.0,30.0,16.5,1,4,0.7539191319152838
tide_mid,0.0,30.0,15.0,1,5,0.7382172575434929
tide_mid,0.0,30.0,14.0,1,6,0.7269535978211819
tide_mid,0.0,30.0,12.5,1,7,0.7102066005164898
tide_mid,0.0,30.0,11.0,1,8,0.6960721448972103
tide_mid,0.0,30.0,10.0,1,9,0.6899534886169558
tide_mid,0.0,30.0,9.0,1,10,0.6881522169044705
tide_mid,0.0,30.0,8.0,1,11,0.6923188020537894
tide_mid,0.0,30.0,7.5,1,12,0.6971398261456474
tide_mid,0.0,30.0,7.0,1,13,0.7039781211508518
tide_mid,0.0,30.0,6.5,1,14,0.7128517107943662
tide_mid,0.0,30.0,6.0,1,15,0.7235666550800777
tide_mid,0.0,30.0,5.0,1,16,0.7474026205001039
tide_mid,0.0,30.0,4.0,1,17,0.7637210078700485
tide_mid,0.0,45.0,24.0,2,0,0.5664661628589291
tide_mid,0.0,45.0,22.5,2,1,0.5613057706710189
tide_mid,0.0,45.0,20.5,2,2,0.5528889377439792
tide_mid,0.0,45.0,18.5,2,3,0.542656159740146
tide_mid,0.0,45.0,16.5,2,4,0.5306783027278144
tide_mid,0.0,45.0,15.0,2,5,0.5208523309278612
tide_mid,0.0,45.0,14.0,2,6,0.5142384683581347
tide_mid,0.0,45.0,12.5,2,7,0.505213722071379
tide_mid,0.0,45.0,11.0,2,8,0.4994510435787656
tide_mid,0.0,45.0,10.0,2,9,0.4993528266308518
tide_mid,0.0,45.0,9.0,2,10,0.5042329476825769
tide_mid,0.0,45.0,8.0,2,11,0.5163055513120018
tide_mid,0.0,45.0,7.5,2,12,0.5258046819806093
tide_mid,0.0,45.0,7.0,2,13,0.5379830078913073
tide_mid,0.0,45.0,6.5,2,14,0.5530005874934725
tide_mid,0.0,45.0,6.0,2,15,0.5707895969428871
tide_mid,0.0,45.0,5.0,2,16,0.6116232329314162
tide_mid,0.0,45.0,4.0,2,17,0.6449626786045384
tide_mid,0.0,60.0,24.0,3,0,0.3779928054335151
tide_mid,0.0,60.0,22.5,3,1,0.3728197084957863
tide_mid,0.0,60.0,20.5,3,2,0.3660246704088288
tide_mid,0.0,60.0,18.5,3,3,0.35965311877580364
tide_mid,0.0,60.0,16.5,3,4,0.3536655084484368
tide_mid,0.0,60.0,15.0,3,5,0.3491723138034357
tide_mid,0.0,60.0,14.0,3,6,0.34612659801883217
tide_mid,0.0,60.0,12.5,3,7,0.3418743658718133
tide_mid,0.0,60.0,11.0,3,8,0.33967736411393323
tide_mid,0.0,60.0,10.0,3,9,0.34118638205119756
tide_mid,0.0,60.0,9.0,3,10,0.34715449189868663
tide_mid,0.0,60.0,8.0,3,11,0.360254882713569
tide_mid,0.0,60.0,7.5,3,12,0.37052449901629836
tide_mid,0.0,60.0,7.0,3,13,0.3838485778971916
tide_mid,0.0,60.0,6.5,3,14,0.40054323062935837
tide_mid,0.0,60.0,6.0,3,15,0.42063647425605866
tide_mid,0.0,60.0,5.0,3,16,0.4685993540113942
tide_mid,0.0,60.0,4.0,3,17,0.5184802843254941
tide_mid,0.0,75.0,24.0,4,0,0.2589630214076126
tide_mid,0.0,75.0,22.5,4,1,0.25528702469645626
tide_mid,0.0,75.0,20.5,4,2,0.2523185337836007
tide_mid,0.0,75.0,18.5,4,3,0.25286195081687146
tide_mid,0.0,75.0,16.5,4,4,0.2556490142263481
tide_mid,0.0,75.0,15.0,4,5,0.25717504610996067
tide_mid,0.0,75.0,14.0,4,6,0.2571038254675577
tide_mid,0.0,75.0,12.5,4,7,0.25474079548946116
tide_mid,0.0,75.0,11.0,4,8,0.25053650216143386
tide_mid,0.0,75.0,10.0,4,9,0.24830742015485385
tide_mid,0.0,75.0,9.0,4,10,0.2484947465348606
tide_mid,0.0,75.0,8.0,4,11,0.2552066462046969
tide_mid,0.0,75.0,7.5,4,12,0.2625791716230643
tide_mid,0.0,75.0,7.0,4,13,0.273319683821861
tide_mid,0.0,75.0,6.5,4,14,0.28821854950114645
tide_mid,0.0,75.0,6.0,4,15,0.307641471944857
tide_mid,0.0,75.0,5.0,4,16,0.35628203466651187
tide_mid,0.0,75.0,4.0,4,17,0.41204021013173797
tide_mid,0.0,90.0,24.0,5,0,0.2202674503568388
tide_mid,0.0,90.0,22.5,5,1,0.22065408038495282
tide_mid,0.0,90.0,20.5,5,2,0.22342256424423745
tide_mid,0.0,90.0,18.5,5,3,0.2310388777630027
tide_mid,0.0,90.0,16.5,5,4,0.24024507762178804
tide_mid,0.0,90.0,15.0,5,5,0.24485011695584447
tide_mid,0.0,90.0,14.0,5,6,0.24530433023453257
tide_mid,0.0,90.0,12.5,5,7,0.24006844568629981
tide_mid,0.0,90.0,11.0,5,8,0.22883320303081267
tide_mid,0.0,90.0,10.0,5,9,0.21937108444513165
tide_mid,0.0,90.0,9.0,5,10,0.20969228905080917
tide_mid,0.0,90.0,8.0,5,11,0.2087283743195737
tide_mid,0.0,90.0,7.5,5,12,0.21306752452408662
tide_mid,0.0,90.0,7.0,5,13,0.2208902157383863
tide_mid,0.0,90.0,6.5,5,14,0.23223754752006853
tide_mid,0.0,90.0,6.0,5,15,0.24722542842158945
tide_mid,0.0,90.0,5.0,5,16,0.28751500285075227
tide_mid,0.0,90.0,4.0,5,17,0.3384429258627908
tide_mid,0.0,105.0,24.0,6,0,0.22922309575661792
tide_mid,0.0,105.0,22.5,6,1,0.2358557389120216
tide_mid,0.0,105.0,20.5,6,2,0.24487766807222044
tide_mid,0.0,105.0,18.5,6,3,0.253054937238014
tide_mid,0.0,105.0,16.5,6,4,0.25876223835950635
tide_mid,0.0,105.0,15.0,6,5,0.2595796501849509
tide_mid,0.0,105.0,14.0,6,6,0.25709400157859386
tide_mid,0.0,105.0,12.5,6,7,0.24642287143478644
tide_mid,0.0,105.0,11.0,6,8,0.2283442773384014
tide_mid,0.0,105.0,10.0,6,9,0.21696517444051602
tide_mid,0.0,105.0,9.0,6,10,0.20450085588424458
tide_mid,0.0,105.0,8.0,6,11,0.19407322222833856
tide_mid,0.0,105.0,7.5,6,12,0.1936278940352684
tide_mid,0.0,105.0,7.0,6,13,0.19796452222578434
tide_mid,0.0,105.0,6.5,6,14,0.20620371424494283
tide_mid,0.0,105.0,6.0,6,15,0.21741051750150509
tide_mid,0.0,105.0,5.0,6,16,0.24834414498661178
tide_mid,0.0,105.0,4.0,6,17,0.29174311671252534
tide_mid,0.0,120.0,24.0,7,0,0.2180170297881423
tide_mid,0.0,120.0,22.5,7,1,0.22606981779269264
tide_mid,0.0,120.0,20.5,7,2,0.23654285405069453
tide_mid,0.0,120.0,18.5,7,3,0.24160252904847512
tide_mid,0.0,120.0,16.5,7,4,0.24375788984943736
tide_mid,0.0,120.0,15.0,7,5,0.24284049332476032
tide_mid,0.0,120.0,14.0,7,6,0.24024995357392653
tide_mid,0.0,120.0,12.5,7,7,0.2324285963022974
tide_mid,0.0,120.0,11.0,7,8,0.21959700167144602
tide_mid,0.0,120.0,10.0,7,9,0.20851555467962368
tide_mid,0.0,120.0,9.0,7,10,0.1959780592114767
tide_mid,0.0,120.0,8.0,7,11,0.18548246290812365
tide_mid,0.0,120.0,7.5,7,12,0.1834415207057224
tide_mid,0.0,120.0,7.0,7,13,0.1846535450625435
tide_mid,0.0,120.0,6.5,7,14,0.18908646744429092
tide_mid,0.0,120.0,6.0,7,15,0.19641576625776958
tide_mid,0.0,120.0,5.0,7,16,0.22112844529361686
tide_mid,0.0,120.0,4.0,7,17,0.26216566130153923
tide_mid,0.0,135.0,24.0,8,0,0.1732594871549773
tide_mid,0.0,135.0,22.5,8,1,0.17417270009518493
tide_mid,0.0,135.0,20.5,8,2,0.1759402603612339
tide_mid,0.0,135.0,18.5,8,3,0.18351030954839742
tide_mid,0.0,135.0,16.5,8,4,0.19107402498824855
tide_mid,0.0,135.0,15.0,8,5,0.19457634332624885
tide_mid,0.0,135.0,14.0,8,6,0.1953911140183524
tide_mid,0.0,135.0,12.5,8,7,0.19387979596255223
tide_mid,0.0,135.0,11.0,8,8,0.18894584813655646
tide_mid,0.0,135.0,10.0,8,9,0.18411965470672564
tide_mid,0.0,135.0,9.0,8,10,0.1790029268274671
tide_mid,0.0,135.0,8.0,8,11,0.17543406032589925
tide_mid,0.0,135.0,7.5,8,12,0.17510481065791095
tide_mid,0.0,135.0,7.0,8,13,0.17628691597384805
tide_mid,0.0,135.0,6.5,8,14,0.17939160324783288
tide_mid,0.0,135.0,6.0,8,15,0.1849140239528273
tide_mid,0.0,135.0,5.0,8,16,0.20784907780263717
tide_mid,0.0,135.0,4.0,8,17,0.25111203770002377
tide_mid,0.0,150.0,24.0,9,0,0.162127653866734
tide_mid,0.0,150.0,22.5,9,1,0.1613445211732667
tide_mid,0.0,150.0,20.5,9,2,0.16107692959962105
tide_mid,0.0,150.0,18.5,9,3,0.1624949688560322
tide_mid,0.0,150.0,16.5,9,4,0.16532387732327325
tide_mid,0.0,150.0,15.0,9,5,0.16760518392847779
tide_mid,0.0,150.0,14.0,9,6,0.16893464873359632
tide_mid,0.0,150.0,12.5,9,7,0.17054383768938108
tide_mid,0.0,150.0,11.0,9,8,0.17196061656806627
tide_mid,0.0,150.0,10.0,9,9,0.17320101785706976
tide_mid,0.0,150.0,9.0,9,10,0.1752631761301895
tide_mid,0.0,150.0,8.0,9,11,0.17908348087421744
tide_mid,0.0,150.0,7.5,9,12,0.1821101654301862
tide_mid,0.0,150.0,7.0,9,13,0.18623401424660346
tide_mid,0.0,150.0,6.5,9,14,0.19182914143431096
tide_mid,0.0,150.0,6.0,9,15,0.19942195519459016
tide_mid,0.0,150.0,5.0,9,16,0.22396892414868086
tide_mid,0.0,150.0,4.0,9,17,0.26841028255046684
tide_mid,0.0,165.0,24.0,10,0,0.20964069698543208
tide_mid,0.0,165.0,22.5,10,1,0.20866122081654548
tide_mid,0.0,165.0,20.5,10,2,0.20686116365572715
tide_mid,0.0,165.0,18.5,10,3,0.20447528234517232
tide_mid,0.0,165.0,16.5,10,4,0.20178923060133647
tide_mid,0.0,165.0,15.0,10,5,0.19998923598566942
tide_mid,0.0,165.0,14.0,10,6,0.199216419869644
tide_mid,0.0,165.0,12.5,10,7,0.19963024392146878
tide_mid,0.0,165.0,11.0,10,8,0.20319862011013368
tide_mid,0.0,165.0,10.0,10,9,0.2076978967553924
tide_mid,0.0,165.0,9.0,10,10,0.2141749254676828
tide_mid,0.0,165.0,8.0,10,11,0.2231235284828048
tide_mid,0.0,165.0,7.5,10,12,0.22877814986384615
tide_mid,0.0,165.0,7.0,10,13,0.23542547503727929
tide_mid,0.0,165.0,6.5,10,14,0.24329115124973644
tide_mid,0.0,165.0,6.0,10,15,0.2526960245694607
tide_mid,0.0,165.0,5.0,10,16,0.27845159323901125
tide_mid,0.0,165.0,4.0,10,17,0.32411305455516715
tide_mid,0.0,180.0,24.0,11,0,0.3115220412734099
tide_mid,0.0,180.0,22.5,11,1,0.3121945487690161
tide_mid,0.0,180.0,20.5,11,2,0.3116331454383279
tide_mid,0.0,180.0,18.5,11,3,0.30913930407320356
tide_mid,0.0,180.0,16.5,11,4,0.3048037256444922
tide_mid,0.0,180.0,15.0,11,5,0.3008965769481464
tide_mid,0.0,180.0,14.0,11,6,0.2985156415889896
tide_mid,0.0,180.0,12.5,11,7,0.2968313192964356
tide_mid,0.0,180.0,11.0,11,8,0.2994962263803167
tide_mid,0.0,180.0,10.0,11,9,0.3040651988415204
tide_mid,0.0,180.0,9.0,11,10,0.31119254399729424
tide_mid,0.0,180.0,8.0,11,11,0.32135812421536425
tide_mid,0.0,180.0,7.5,11,12,0.32779914297792456
tide_mid,0.0,180.0,7.0,11,13,0.3353185206277052
tide_mid,0.0,180.0,6.5,11,14,0.34410988399246656
tide_mid,0.0,180.0,6.0,11,15,0.35445792159668277
tide_mid,0.0,180.0,5.0,11,16,0.3818094560907974
tide_mid,0.0,180.0,4.0,11,17,0.42340871344347875
tide_mid,0.0,195.0,24.0,12,0,0.4487984738646411
tide_mid,0.0,195.0,22.5,12,1,0.4535240813748138
tide_mid,0.0,195.0,20.5,12,2,0.4578365560436066
tide_mid,0.0,195.0,18.5,12,3,0.45914972215172845
tide_mid,0.0,195.0,16.5,12,4,0.45735917616818944
tide_mid,0.0,195.0,15.0,12,5,0.4546055681954464
tide_mid,0.0,195.0,14.0,12,6,0.4526241804910742
tide_mid,0.0,195.0,12.5,12,7,0.45050600626286674
tide_mid,0.0,195.0,11.0,12,8,0.4509720097590235
tide_mid,0.0,195.0,10.0,12,9,0.4536005697124146
tide_mid,0.0,195.0,9.0,12,10,0.4586919997982828
tide_mid,0.0,195.0,8.0,12,11,0.4668293167987201
tide_mid,0.0,195.0,7.5,12,12,0.47226775945589194
tide_mid,0.0,195.0,7.0,12,13,0.4787809468275135
tide_mid,0.0,195.0,6.5,12,14,0.48653239470097964
tide_mid,0.0,195.0,6.0,12,15,0.49573680498762807
tide_mid,0.0,195.0,5.0,12,16,0.5197163051137472
tide_mid,0.0,195.0,4.0,12,17,0.5538712828322407
tide_mid,0.0,210.0,24.0,13,0,0.5897077286381828
tide_mid,0.0,210.0,22.5,13,1,0.6001268099716582
tide_mid,0.0,210.0,20.5,13,2,0.6121552746796435
tide_mid,0.0,210.0,18.5,13,3,0.6195061092082796
tide_mid,0.0,210.0,16.5,13,4,0.6231820097789776
tide_mid,0.0,210.0,15.0,13,5,0.6243088377985203
tide_mid,0.0,210.0,14.0,13,6,0.6246105790441593
tide_mid,0.0,210.0,12.5,13,7,0.6250042888008371
tide_mid,0.0,210.0,11.0,13,8,0.6263132051237358
tide_mid,0.0,210.0,10.0,13,9,0.6283673648611516
tide_mid,0.0,210.0,9.0,13,10,0.6319296374165059
tide_mid,0.0,210.0,8.0,13,11,0.6375819014962002
tide_mid,0.0,210.0,7.5,13,12,0.6414138701071146
tide_mid,0.0,210.0,7.0,13,13,0.6460641735492042
tide_mid,0.0,210.0,6.5,13,14,0.6516708449828078
tide_mid,0.0,210.0,6.0,13,15,0.6584014621222524
tide_mid,0.0,210.0,5.0,13,16,0.6760948708528254
tide_mid,0.0,210.0,4.0,13,17,0.701376842877327
tide_mid,0.0,225.0,24.0,14,0,0.7032982773825516
tide_mid,0.0,225.0,22.5,14,1,0.7178883250530174
tide_mid,0.0,225.0,20.5,14,2,0.736815555108536
tide_mid,0.0,225.0,18.5,14,3,0.754054524987464
tide_mid,0.0,225.0,16.5,14,4,0.7689332170083956
tide_mid,0.0,225.0,15.0,14,5,0.7784767169797198
tide_mid,0.0,225.0,14.0,14,6,0.7840941917733677
tide_mid,0.0,225.0,12.5,14,7,0.7914967441886837
tide_mid,0.0,225.0,11.0,14,8,0.7979188742275356
tide_mid,0.0,225.0,10.0,14,9,0.8019083808940828
tide_mid,0.0,225.0,9.0,14,10,0.8059635418658635
tide_mid,0.0,225.0,8.0,14,11,0.8104830710612811
tide_mid,0.0,225.0,7.5,14,12,0.8130911919283164
tide_mid,0.0,225.0,7.0,14,13,0.8160553062284726
tide_mid,0.0,225.0,6.5,14,14,0.8194936160811218
tide_mid,0.0,225.0,6.0,14,15,0.823550062547428
tide_mid,0.0,225.0,5.0,14,16,0.8342572390347
tide_mid,0.0,225.0,4.0,14,17,0.8501080596591682
tide_mid,0.0,240.0,24.0,15,0,0.7863831591409355
tide_mid,0.0,240.0,22.5,15,1,0.8050956612636705
tide_mid,0.0,240.0,20.5,15,2,0.8317703574586484
tide_mid,0.0,240.0,18.5,15,3,0.8597887045752888
tide_mid,0.0,240.0,16.5,15,4,0.8880217450801956
tide_mid,0.0,240.0,15.0,15,5,0.9083720162475248
tide_mid,0.0,240.0,14.0,15,6,0.9210842404147466
tide_mid,0.0,240.0,12.5,15,7,0.9382056649237092
tide_mid,0.0,240.0,11.0,15,8,0.9522672463340178
tide_mid,0.0,240.0,10.0,15,9,0.9596643571758603
tide_mid,0.0,240.0,9.0,15,10,0.9654455237324806
tide_mid,0.0,240.0,8.0,15,11,0.9697735374579695
tide_mid,0.0,240.0,7.5,15,12,0.9715072606553039
tide_mid,0.0,240.0,7.0,15,13,0.9730523189625511
tide_mid,0.0,240.0,6.5,15,14,0.9745110320318271
tide_mid,0.0,240.0,6.0,15,15,0.9760136032033722
tide_mid,0.0,240.0,5.0,15,16,0.979844983447311
tide_mid,0.0,240.0,4.0,15,17,0.9864073687471895
tide_mid,0.0,255.0,24.0,16,0,0.8496121106357746
tide_mid,0.0,255.0,22.5,16,1,0.872580082341591
tide_mid,0.0,255.0,20.5,16,2,0.9076227700203376
tide_mid,0.0,255.0,18.5,16,3,0.9472384258165276
tide_mid,0.0,255.0,16.5,16,4,0.9895642477170923
tide_mid,0.0,255.0,15.0,16,5,1.0210003132406642
tide_mid,0.0,255.0,14.0,16,6,1.0407315160946753
tide_mid,0.0,255.0,12.5,16,7,1.0669435736925952
tide_mid,0.0,255.0,11.0,16,8,1.0874354143715745
tide_mid,0.0,255.0,10.0,16,9,1.09723274211098
tide_mid,0.0,255.0,9.0,16,10,1.1037040938793217
tide_mid,0.0,255.0,8.0,16,11,1.1068987078053814
tide_mid,0.0,255.0,7.5,16,12,1.1073577673544486
tide_mid,0.0,255.0,7.0,16,13,1.1071474384611895
tide_mid,0.0,255.0,6.5,16,14,1.10636569888893
tide_mid,0.0,255.0,6.0,16,15,1.1051403552013066
tide_mid,0.0,255.0,5.0,16,16,1.1020593113283608
tide_mid,0.0,255.0,4.0,16,17,1.0998448135345997
tide_mid,0.0,270.0,24.0,17,0,0.9065196827826518
tide_mid,0.0,270.0,22.5,17,1,0.9328557587174082
tide_mid,0.0,270.0,20.5,17,2,0.9762450780940102
tide_mid,0.0,270.0,18.5,17,3,1.0287994977064034
tide_mid,0.0,270.0,16.5,17,4,1.086112967284687
tide_mid,0.0,270.0,15.0,17,5,1.127303606205424
tide_mid,0.0,270.0,14.0,17,6,1.1518898177828878
tide_mid,0.0,270.0,12.5,17,7,1.182392618143623
tide_mid,0.0,270.0,11.0,17,8,1.2036240817662458
tide_mid,0.0,270.0,10.0,17,9,1.2121168367503055
tide_mid,0.0,270.0,9.0,17,10,1.2159878627885012
tide_mid,0.0,270.0,8.0,17,11,1.215386475879848
tide_mid,0.0,270.0,7.5,17,12,1.2135214297397843
tide_mid,0.0,270.0,7.0,17,13,1.2107103001334443
tide_mid,0.0,270.0,6.5,17,14,1.207054224791886
tide_mid,0.0,270.0,6.0,17,15,1.2026833292576062
tide_mid,0.0,270.0,5.0,17,16,1.1925152874247564
tide_mid,0.0,270.0,4.0,17,17,1.1822618121342992
tide_mid,0.0,285.0,24.0,18,0,0.9762096347621085
tide_mid,0.0,285.0,22.5,18,1,1.001368563833951
tide_mid,0.0,285.0,20.5,18,2,1.0488819047663798
tide_mid,0.0,285.0,18.5,18,3,1.1179825541468986
tide_mid,0.0,285.0,16.5,18,4,1.190722190161138
tide_mid,0.0,285.0,15.0,18,5,1.2335502094319142
tide_mid,0.0,285.0,14.0,18,6,1.2556320796726248
tide_mid,0.0,285.0,12.5,18,7,1.2796086355269876
tide_mid,0.0,285.0,11.0,18,8,1.2926687666247605
tide_mid,0.0,285.0,10.0,18,9,1.2952904032697687
tide_mid,0.0,285.0,9.0,18,10,1.29313178451984
tide_mid,0.0,285.0,8.0,18,11,1.2864150422661118
tide_mid,0.0,285.0,7.5,18,12,1.2814651608582084
tide_mid,0.0,285.0,7.0,18,13,1.2755462052252984
tide_mid,0.0,285.0,6.5,18,14,1.2687519831512533
tide_mid,0.0,285.0,6.0,18,15,1.2612041192897099
tide_mid,0.0,285.0,5.0,18,16,1.2445448779865642
tide_mid,0.0,285.0,4.0,18,17,1.2276965274659992
tide_mid,0.0,300.0,24.0,19,0,1.092592501428484
tide_mid,0.0,300.0,22.5,19,1,1.117681726093324
tide_mid,0.0,300.0,20.5,19,2,1.162081720640437
tide_mid,0.0,300.0,18.5,19,3,1.2202277084135107
tide_mid,0.0,300.0,16.5,19,4,1.2777890935813658
tide_mid,0.0,300.0,15.0,19,5,1.3085340348525045
tide_mid,0.0,300.0,14.0,19,6,1.3223681567153511
tide_mid,0.0,300.0,12.5,19,7,1.3340909672109487
tide_mid,0.0,300.0,11.0,19,8,1.3356677377401829
tide_mid,0.0,300.0,10.0,19,9,1.3313399044772403
tide_mid,0.0,300.0,9.0,19,10,1.3228901508564632
tide_mid,0.0,300.0,8.0,19,11,1.3105250588184723
tide_mid,0.0,300.0,7.5,19,12,1.3029642197940563
tide_mid,0.0,300.0,7.0,19,13,1.2945526256282147
tide_mid,0.0,300.0,6.5,19,14,1.285362558796695
tide_mid,0.0,300.0,6.0,19,15,1.275493917361631
tide_mid,0.0,300.0,5.0,19,16,1.254358237229829
tide_mid,0.0,300.0,4.0,19,17,1.2333328110349537
tide_mid,0.0,315.0,24.0,20,0,1.2209279792558299
tide_mid,0.0,315.0,22.5,20,1,1.2422691502453493
tide_mid,0.0,315.0,20.5,20,2,1.2719918381111794
tide_mid,0.0,315.0,18.5,20,3,1.3001611519035454
tide_mid,0.0,315.0,16.5,20,4,1.3219045139987031
tide_mid,0.0,315.0,15.0,20,5,1.3312861681502417
tide_mid,0.0,315.0,14.0,20,6,1.3337121393727367
tide_mid,0.0,315.0,12.5,20,7,1.3315944446312287
tide_mid,0.0,315.0,11.0,20,8,1.3227733420385843
tide_mid,0.0,315.0,10.0,20,9,1.3132191868624763
tide_mid,0.0,315.0,9.0,20,10,1.3007207087217907
tide_mid,0.0,315.0,8.0,20,11,1.2852832945948052
tide_mid,0.0,315.0,7.5,20,12,1.276479072354559
tide_mid,0.0,315.0,7.0,20,13,1.26697529743613
tide_mid,0.0,315.0,6.5,20,14,1.2568091757097273
tide_mid,0.0,315.0,6.0,20,15,1.2460463102871158
tide_mid,0.0,315.0,5.0,20,16,1.223269214126554
tide_mid,0.0,315.0,4.0,20,17,1.200898176864328
tide_mid,0.0,330.0,24.0,21,0,1.2983240528034754
tide_mid,0.0,330.0,22.5,21,1,1.3139047472296617
tide_mid,0.0,330.0,20.5,21,2,1.3305549854990666
tide_mid,0.0,330.0,18.5,21,3,1.3339495557843226
tide_mid,0.0,330.0,16.5,21,4,1.3213972993603949
tide_mid,0.0,330.0,15.0,21,5,1.3061672820172392
tide_mid,0.0,330.0,14.0,21,6,1.295414876624318
tide_mid,0.0,330.0,12.5,21,7,1.2795762986931467
tide_mid,0.0,330.0,11.0,21,8,1.2624545499750974
tide_mid,0.0,330.0,10.0,21,9,1.2495129759577637
tide_mid,0.0,330.0,9.0,21,10,1.235010284598463
tide_mid,0.0,330.0,8.0,21,11,1.2187423371662418
tide_mid,0.0,330.0,7.5,21,12,1.2098921039734951
tide_mid,0.0,330.0,7.0,21,13,1.2005412308568335
tide_mid,0.0,330.0,6.5,21,14,1.1906828996209216
tide_mid,0.0,330.0,6.0,21,15,1.1803321398857793
tide_mid,0.0,330.0,5.0,21,16,1.1584936002189612
tide_mid,0.0,330.0,4.0,21,17,1.137187154233097
tide_mid,0.0,345.0,24.0,22,0,1.2877339830269743
tide_mid,0.0,345.0,22.5,22,1,1.29499029657967
tide_mid,0.0,345.0,20.5,22,2,1.2972019932413508
tide_mid,0.0,345.0,18.5,22,3,1.2867150015638482
tide_mid,0.0,345.0,16.5,22,4,1.2616244713568125
tide_mid,0.0,345.0,15.0,22,5,1.2361221613542868
tide_mid,0.0,345.0,14.0,22,6,1.2187300416663334
tide_mid,0.0,345.0,12.5,22,7,1.194125903491698
tide_mid,0.0,345.0,11.0,22,8,1.1703662042747038
tide_mid,0.0,345.0,10.0,22,9,1.1546090422997106
tide_mid,0.0,345.0,9.0,22,10,1.1388080368486087
tide_mid,0.0,345.0,8.0,22,11,1.122850576364101
tide_mid,0.0,345.0,7.5,22,12,1.114747092132053
tide_mid,0.0,345.0,7.0,22,13,1.1065024360914086
tide_mid,0.0,345.0,6.5,22,14,1.098057569633358
tide_mid,0.0,345.0,6.0,22,15,1.0893482096234628
tide_mid,0.0,345.0,5.0,22,16,1.071019988085839
tide_mid,0.0,345.0,4.0,22,17,1.052840309463321
tide_mid,0.0,360.0,24.0,23,0,1.1934262341927253
tide_mid,0.0,360.0,22.5,23,1,1.196145651729743
tide_mid,0.0,360.0,20.5,23,2,1.1924171879363668
tide_mid,0.0,360.0,18.5,23,3,1.1775553353394783
tide_mid,0.0,360.0,16.5,23,4,1.1509733156377262
tide_mid,0.0,360.0,15.0,23,5,1.1250064748504163
tide_mid,0.0,360.0,14.0,23,6,1.106030107853695
tide_mid,0.0,360.0,12.5,23,7,1.076940947693537
tide_mid,0.0,360.0,11.0,23,8,1.0490809655774864
tide_mid,0.0,360.0,10.0,23,9,1.0320653754539157
tide_mid,0.0,360.0,9.0,23,10,1.0167643517307825
tide_mid,0.0,360.0,8.0,23,11,1.0034234611399744
tide_mid,0.0,360.0,7.5,23,12,0.9974898751026546
tide_mid,0.0,360.0,7.0,23,13,0.991987627362132
tide_mid,0.0,360.0,6.5,23,14,0.9868135625221282
tide_mid,0.0,360.0,6.0,23,15,0.9818056776652071
tide_mid,0.0,360.0,5.0,23,16,0.9714062399219192
tide_mid,0.0,360.0,4.0,23,17,0.9598134186703287
tide_high,1.5,15.0,24.0,0,0,1.0302778760674882
tide_high,1.5,15.0,22.5,0,1,1.0302771329665878
tide_high,1.5,15.0,20.5,0,2,1.0254919262766466
tide_high,1.5,15.0,18.5,0,3,1.0116669747279117
tide_high,1.5,15.0,16.5,0,4,0.9904448396950908
tide_high,1.5,15.0,15.0,0,5,0.9712041044677258
tide_high,1.5,15.0,14.0,0,6,0.9575233174262116
tide_high,1.5,15.0,12.5,0,7,0.9371162029877039
tide_high,1.5,15.0,11.0,0,8,0.9191137454403134
tide_high,1.5,15.0,10.0,0,9,0.9100232874201596
tide_high,1.5,15.0,9.0,0,10,0.9045375889986412
tide_high,1.5,15.0,8.0,0,11,0.9037268429438087
tide_high,1.5,15.0,7.5,0,12,0.9053141955012537
tide_high,1.5,15.0,7.0,0,13,0.9082414371475614
tide_high,1.5,15.0,6.5,0,14,0.9123701030273618
tide_high,1.5,15.0,6.0,0,15,0.9173645570151577
tide_high,1.5,15.0,5.0,0,16,0.9272736649913345
tide_high,1.5,15.0,4.0,0,17,0.9324408668905046
tide_high,1.5,30.0,24.0,1,0,0.8263626627313023
tide_high,1.5,30.0,22.5,1,1,0.8226813939127814
tide_high,1.5,30.0,20.5,1,2,0.8144290508224808
tide_high,1.5,30.0,18.5,1,3,0.8013783314811765
tide_high,1.5,30.0,16.5,1,4,0.7835008441068217
tide_high,1.5,30.0,15.0,1,5,0.767840857832076
tide_high,1.5,30.0,14.0,1,6,0.7570746805107407
tide_high,1.5,30.0,12.5,1,7,0.7421160427149504
tide_high,1.5,30.0,11.0,1,8,0.7316539857988897
tide_high,1.5,30.0,10.0,1,9,0.729507894473928
tide_high,1.5,30.0,9.0,1,10,0.7332830732017278
tide_high,1.5,30.0,8.0,1,11,0.7449603639818226
tide_high,1.5,30.0,7.5,1,12,0.7543600730412339
tide_high,1.5,30.0,7.0,1,13,0.7663670891704851
tide_high,1.5,30.0,6.5,1,14,0.7810016731976147
tide_high,1.5,30.0,6.0,1,15,0.7980022264110507
tide_high,1.5,30.0,5.0,1,16,0.8346303218238973
tide_high,1.5,30.0,4.0,1,17,0.8590868986352536
tide_high,1.5,45.0,24.0,2,0,0.6214660971814763
tide_high,1.5,45.0,22.5,2,1,0.6155388351820127
tide_high,1.5,45.0,20.5,2,2,0.6060596543377317
tide_high,1.5,45.0,18.5,2,3,0.5944530309341
tide_high,1.5,45.0,16.5,2,4,0.580449662547508
tide_high,1.5,45.0,15.0,2,5,0.5686202214729952
tide_high,1.5,45.0,14.0,2,6,0.5606220557635824
tide_high,1.5,45.0,12.5,2,7,0.5502977762367848
tide_high,1.5,45.0,11.0,2,8,0.5461137576608956
tide_high,1.5,45.0,10.0,2,9,0.549942428917773
tide_high,1.5,45.0,9.0,2,10,0.5616585393758848
tide_high,1.5,45.0,8.0,2,11,0.5836809009475543
tide_high,1.5,45.0,7.5,2,12,0.5993907143569497
tide_high,1.5,45.0,7.0,2,13,0.618670056664303
tide_high,1.5,45.0,6.5,2,14,0.6417194710750618
tide_high,1.5,45.0,6.0,2,15,0.6684227062557909
tide_high,1.5,45.0,5.0,2,16,0.7279882360365751
tide_high,1.5,45.0,4.0,2,17,0.7727580809881417
tide_high,1.5,60.0,24.0,3,0,0.4633549407727644
tide_high,1.5,60.0,22.5,3,1,0.45795224269932366
tide_high,1.5,60.0,20.5,3,2,0.4516413475069881
tide_high,1.5,60.0,18.5,3,3,0.4464458993945508
tide_high,1.5,60.0,16.5,3,4,0.4407672546951702
tide_high,1.5,60.0,15.0,3,5,0.4341589388536689
tide_high,1.5,60.0,14.0,3,6,0.4280253835329819
tide_high,1.5,60.0,12.5,3,7,0.4177100721109489
tide_high,1.5,60.0,11.0,3,8,0.41378229463684923
tide_high,1.5,60.0,10.0,3,9,0.42025760683525026
tide_high,1.5,60.0,9.0,3,10,0.4353006984231328
tide_high,1.5,60.0,8.0,3,11,0.459894963149971
tide_high,1.5,60.0,7.5,3,12,0.47679993499023865
tide_high,1.5,60.0,7.0,3,13,0.49767664444124854
tide_high,1.5,60.0,6.5,3,14,0.5231716600180467
tide_high,1.5,60.0,6.0,3,15,0.5533246757410276
tide_high,1.5,60.0,5.0,3,16,0.6220202279369567
tide_high,1.5,60.0,4.0,3,17,0.6854859060579289
tide_high,1.5,75.0,24.0,4,0,0.39005328149432794
tide_high,1.5,75.0,22.5,4,1,0.3880679793357793
tide_high,1.5,75.0,20.5,4,2,0.3914039368104275
tide_high,1.5,75.0,18.5,4,3,0.40520190473106976
tide_high,1.5,75.0,16.5,4,4,0.4240336258717321
tide_high,1.5,75.0,15.0,4,5,0.43343434508232126
tide_high,1.5,75.0,14.0,4,6,0.43403422717745777
tide_high,1.5,75.0,12.5,4,7,0.42416781093968525
tide_high,1.5,75.0,11.0,4,8,0.4126805346088632
tide_high,1.5,75.0,10.0,4,9,0.41520935023906125
tide_high,1.5,75.0,9.0,4,10,0.4201229168468189
tide_high,1.5,75.0,8.0,4,11,0.43195728021199353
tide_high,1.5,75.0,7.5,4,12,0.44283811986437094
tide_high,1.5,75.0,7.0,4,13,0.4577322893018215
tide_high,1.5,75.0,6.5,4,14,0.4793401432184121
tide_high,1.5,75.0,6.0,4,15,0.5088894433394211
tide_high,1.5,75.0,5.0,4,16,0.5739916157706092
tide_high,1.5,75.0,4.0,4,17,0.6339166152964457
tide_high,1.5,90.0,24.0,5,0,0.433455182941209
tide_high,1.5,90.0,22.5,5,1,0.44246159898150283
tide_high,1.5,90.0,20.5,5,2,0.46259016735385194
tide_high,1.5,90.0,18.5,5,3,0.500526769369223
tide_high,1.5,90.0,16.5,5,4,0.547272753687619
tide_high,1.5,90.0,15.0,5,5,0.5779243073700788
tide_high,1.5,90.0,14.0,5,6,0.5901918773385104
tide_high,1.5,90.0,12.5,5,7,0.5863672330367167
tide_high,1.5,90.0,11.0,5,8,0.5641373077951202
tide_high,1.5,90.0,10.0,5,9,0.5438067792125585
tide_high,1.5,90.0,9.0,5,10,0.5172605870218074
tide_high,1.5,90.0,8.0,5,11,0.5150782712561075
tide_high,1.5,90.0,7.5,5,12,0.5246540924518808
tide_high,1.5,90.0,7.0,5,13,0.5381286652783914
tide_high,1.5,90.0,6.5,5,14,0.5515252420981687
tide_high,1.5,90.0,6.0,5,15,0.5649784028418567
tide_high,1.5,90.0,5.0,5,16,0.5951033705770781
tide_high,1.5,90.0,4.0,5,17,0.6260114112689663
tide_high,1.5,105.0,24.0,6,0,0.5434930958179414
tide_high,1.5,105.0,22.5,6,1,0.5723871081215808
tide_high,1.5,105.0,20.5,6,2,0.6116240669323907
tide_high,1.5,105.0,18.5,6,3,0.6481875541181985
tide_high,1.5,105.0,16.5,6,4,0.6809540396884146
tide_high,1.5,105.0,15.0,6,5,0.7007479956212785
tide_high,1.5,105.0,14.0,6,6,0.7068392531969747
tide_high,1.5,105.0,12.5,6,7,0.6934886304423502
tide_high,1.5,105.0,11.0,6,8,0.6596976939146626
tide_high,1.5,105.0,10.0,6,9,0.6434774808889632
tide_high,1.5,105.0,9.0,6,10,0.6199511830687361
tide_high,1.5,105.0,8.0,6,11,0.5949962403696261
tide_high,1.5,105.0,7.5,6,12,0.593818787599508
tide_high,1.5,105.0,7.0,6,13,0.6031658420859134
tide_high,1.5,105.0,6.5,6,14,0.6159560952866114
tide_high,1.5,105.0,6.0,6,15,0.6252354746902864
tide_high,1.5,105.0,5.0,6,16,0.6318771803203045
tide_high,1.5,105.0,4.0,6,17,0.636000284505845
tide_high,1.5,120.0,24.0,7,0,0.5544295659235026
tide_high,1.5,120.0,22.5,7,1,0.5911202068583279
tide_high,1.5,120.0,20.5,7,2,0.6386987214384261
tide_high,1.5,120.0,18.5,7,3,0.6539483341071262
tide_high,1.5,120.0,16.5,7,4,0.6609363338401533
tide_high,1.5,120.0,15.0,7,5,0.6649855437625232
tide_high,1.5,120.0,14.0,7,6,0.6657788551223951
tide_high,1.5,120.0,12.5,7,7,0.6616800492751098
tide_high,1.5,120.0,11.0,7,8,0.650234941687422
tide_high,1.5,120.0,10.0,7,9,0.637651609233779
tide_high,1.5,120.0,9.0,7,10,0.6194051562416707
tide_high,1.5,120.0,8.0,7,11,0.6033199955980182
tide_high,1.5,120.0,7.5,7,12,0.6027713672605306
tide_high,1.5,120.0,7.0,7,13,0.609137483095548
tide_high,1.5,120.0,6.5,7,14,0.6194334023957868
tide_high,1.5,120.0,6.0,7,15,0.6286074052494657
tide_high,1.5,120.0,5.0,7,16,0.6363733398612288
tide_high,1.5,120.0,4.0,7,17,0.637020696102145
tide_high,1.5,135.0,24.0,8,0,0.4103042147385292
tide_high,1.5,135.0,22.5,8,1,0.41664359254575034
tide_high,1.5,135.0,20.5,8,2,0.426989911837258
tide_high,1.5,135.0,18.5,8,3,0.4605746271084774
tide_high,1.5,135.0,16.5,8,4,0.49542684747314736
tide_high,1.5,135.0,15.0,8,5,0.5168004229220644
tide_high,1.5,135.0,14.0,8,6,0.5283502648175094
tide_high,1.5,135.0,12.5,8,7,0.5415167170470934
tide_high,1.5,135.0,11.0,8,8,0.5499030402804199
tide_high,1.5,135.0,10.0,8,9,0.5534000856578287
tide_high,1.5,135.0,9.0,8,10,0.5566796187119576
tide_high,1.5,135.0,8.0,8,11,0.5629319783579518
tide_high,1.5,135.0,7.5,8,12,0.5685286604393265
tide_high,1.5,135.0,7.0,8,13,0.5762018408387153
tide_high,1.5,135.0,6.5,8,14,0.5856962164434596
tide_high,1.5,135.0,6.0,8,15,0.596204512208331
tide_high,1.5,135.0,5.0,8,16,0.6153983058260453
tide_high,1.5,135.0,4.0,8,17,0.6283610881548829
tide_high,1.5,150.0,24.0,9,0,0.33055866689018565
tide_high,1.5,150.0,22.5,9,1,0.33255080130448444
tide_high,1.5,150.0,20.5,9,2,0.33936351714335844
tide_high,1.5,150.0,18.5,9,3,0.35388395127306405
tide_high,1.5,150.0,16.5,9,4,0.375311133592211
tide_high,1.5,150.0,15.0,9,5,0.3936475988474055
tide_high,1.5,150.0,14.0,9,6,0.40638668095726826
tide_high,1.5,150.0,12.5,9,7,0.4265150898276131
tide_high,1.5,150.0,11.0,9,8,0.4489931736226618
tide_high,1.5,150.0,10.0,9,9,0.4660612329020686
tide_high,1.5,150.0,9.0,9,10,0.4854975570683284
tide_high,1.5,150.0,8.0,9,11,0.5082318499441794
tide_high,1.5,150.0,7.5,9,12,0.5211765400277812
tide_high,1.5,150.0,7.0,9,13,0.5352914530349513
tide_high,1.5,150.0,6.5,9,14,0.5505337543201914
tide_high,1.5,150.0,6.0,9,15,0.5666761639156932
tide_high,1.5,150.0,5.0,9,16,0.5994786925368594
tide_high,1.5,150.0,4.0,9,17,0.6274393353832548
tide_high,1.5,165.0,24.0,10,0,0.34489710312460353
tide_high,1.5,165.0,22.5,10,1,0.345943385233594
tide_high,1.5,165.0,20.5,10,2,0.34790202837236794
tide_high,1.5,165.0,18.5,10,3,0.3494808784189014
tide_high,1.5,165.0,16.5,10,4,0.3516716393553079
tide_high,1.5,165.0,15.0,10,5,0.35543716954213256
tide_high,1.5,165.0,14.0,10,6,0.36016468662131373
tide_high,1.5,165.0,12.5,10,7,0.3743270091523021
tide_high,1.5,165.0,11.0,10,8,0.40112199705128404
tide_high,1.5,165.0,10.0,10,9,0.4255589771452666
tide_high,1.5,165.0,9.0,10,10,0.4543728248893082
tide_high,1.5,165.0,8.0,10,11,0.4872976192393903
tide_high,1.5,165.0,7.5,10,12,0.5053256861127191
tide_high,1.5,165.0,7.0,10,13,0.5244260788451802
tide_high,1.5,165.0,6.5,10,14,0.5445949999651014
tide_high,1.5,165.0,6.0,10,15,0.5657651707026363
tide_high,1.5,165.0,5.0,10,16,0.6099750045845505
tide_high,1.5,165.0,4.0,10,17,0.6488695763651879
tide_high,1.5,180.0,24.0,11,0,0.42260714850559333
tide_high,1.5,180.0,22.5,11,1,0.4234092634091673
tide_high,1.5,180.0,20.5,11,2,0.4227385933949144
tide_high,1.5,180.0,18.5,11,3,0.4195123556692457
tide_high,1.5,180.0,16.5,11,4,0.4140434982090593
tide_high,1.5,180.0,15.0,11,5,0.41004017950509386
tide_high,1.5,180.0,14.0,11,6,0.4090806130679763
tide_high,1.5,180.0,12.5,11,7,0.416049107338214
tide_high,1.5,180.0,11.0,11,8,0.43991691220672013
tide_high,1.5,180.0,10.0,11,9,0.46367389373592527
tide_high,1.5,180.0,9.0,11,10,0.4925555538708881
tide_high,1.5,180.0,8.0,11,11,0.5261859885904547
tide_high,1.5,180.0,7.5,11,12,0.5447384836955389
tide_high,1.5,180.0,7.0,11,13,0.5644341158632935
tide_high,1.5,180.0,6.5,11,14,0.5852410598098374
tide_high,1.5,180.0,6.0,11,15,0.6070746083047771
tide_high,1.5,180.0,5.0,11,16,0.6528439683680998
tide_high,1.5,180.0,4.0,11,17,0.6979368958044501
tide_high,1.5,195.0,24.0,12,0,0.543777342775523
tide_high,1.5,195.0,22.5,12,1,0.5479412037280924
tide_high,1.5,195.0,20.5,12,2,0.55088349169535
tide_high,1.5,195.0,18.5,12,3,0.5498383015065667
tide_high,1.5,195.0,16.5,12,4,0.5455883438985722
tide_high,1.5,195.0,15.0,12,5,0.5424635630042789
tide_high,1.5,195.0,14.0,12,6,0.5419104653100151
tide_high,1.5,195.0,12.5,12,7,0.5461805042835355
tide_high,1.5,195.0,11.0,12,8,0.5599675034106264
tide_high,1.5,195.0,10.0,12,9,0.5756627321877903
tide_high,1.5,195.0,9.0,12,10,0.5968137482032776
tide_high,1.5,195.0,8.0,12,11,0.6233778287947702
tide_high,1.5,195.0,7.5,12,12,0.638654682469721
tide_high,1.5,195.0,7.0,12,13,0.6552342274854537
tide_high,1.5,195.0,6.5,12,14,0.67308249401886
tide_high,1.5,195.0,6.0,12,15,0.692141529943616
tide_high,1.5,195.0,5.0,12,16,0.7334374937045292
tide_high,1.5,195.0,4.0,12,17,0.7775432314259545
tide_high,1.5,210.0,24.0,13,0,0.6736002197084887
tide_high,1.5,210.0,22.5,13,1,0.6831108323343642
tide_high,1.5,210.0,20.5,13,2,0.693816614971587
tide_high,1.5,210.0,18.5,13,3,0.6964813120449724
tide_high,1.5,210.0,16.5,13,4,0.6961062117757981
tide_high,1.5,210.0,15.0,13,5,0.6959207383861634
tide_high,1.5,210.0,14.0,13,6,0.6967382404988829
tide_high,1.5,210.0,12.5,13,7,0.7008852865025612
tide_high,1.5,210.0,11.0,13,8,0.7105880106987739
tide_high,1.5,210.0,10.0,13,9,0.7212600328497816
tide_high,1.5,210.0,9.0,13,10,0.7359509852237629
tide_high,1.5,210.0,8.0,13,11,0.7550727111828084
tide_high,1.5,210.0,7.5,13,12,0.7663847897738081
tide_high,1.5,210.0,7.0,13,13,0.7788937584322126
tide_high,1.5,210.0,6.5,13,14,0.7926079818411598
tide_high,1.5,210.0,6.0,13,15,0.8075207763309553
tide_high,1.5,210.0,5.0,13,16,0.8407956042708711
tide_high,1.5,210.0,4.0,13,17,0.8779207825433932
tide_high,1.5,225.0,24.0,14,0,0.7785273246377327
tide_high,1.5,225.0,22.5,14,1,0.7895647884506687
tide_high,1.5,225.0,20.5,14,2,0.8034675144193151
tide_high,1.5,225.0,18.5,14,3,0.8158385354618547
tide_high,1.5,225.0,16.5,14,4,0.8265067727852906
tide_high,1.5,225.0,15.0,14,5,0.833942765975638
tide_high,1.5,225.0,14.0,14,6,0.839084148801776
tide_high,1.5,225.0,12.5,14,7,0.8478962649996173
tide_high,1.5,225.0,11.0,14,8,0.8592114692181161
tide_high,1.5,225.0,10.0,14,9,0.8688751631505003
tide_high,1.5,225.0,9.0,14,10,0.8807681788245381
tide_high,1.5,225.0,8.0,14,11,0.8953365511674991
tide_high,1.5,225.0,7.5,14,12,0.9037544812859588
tide_high,1.5,225.0,7.0,14,13,0.9129910616961894
tide_high,1.5,225.0,6.5,14,14,0.9230869279467204
tide_high,1.5,225.0,6.0,14,15,0.9340747909206071
tide_high,1.5,225.0,5.0,14,16,0.958790311543515
tide_high,1.5,225.0,4.0,14,17,0.9870065299017545
tide_high,1.5,240.0,24.0,15,0,0.8635578276668257
tide_high,1.5,240.0,22.5,15,1,0.8769905252416517
tide_high,1.5,240.0,20.5,15,2,0.895838042215451
tide_high,1.5,240.0,18.5,15,3,0.9155017529246707
tide_high,1.5,240.0,16.5,15,4,0.9356413049573242
tide_high,1.5,240.0,15.0,15,5,0.9508785593119438
tide_high,1.5,240.0,14.0,15,6,0.9610693884200843
tide_high,1.5,240.0,12.5,15,7,0.9764571829336948
tide_high,1.5,240.0,11.0,15,8,0.992184825318744
tide_high,1.5,240.0,10.0,15,9,1.0030820497579587
tide_high,1.5,240.0,9.0,15,10,1.0145502327870224
tide_high,1.5,240.0,8.0,15,11,1.026867973875627
tide_high,1.5,240.0,7.5,15,12,1.0334500827470776
tide_high,1.5,240.0,7.0,15,13,1.0403777906852996
tide_high,1.5,240.0,6.5,15,14,1.047702934934683
tide_high,1.5,240.0,6.0,15,15,1.0554801997864427
tide_high,1.5,240.0,5.0,15,16,1.0726209363963786
tide_high,1.5,240.0,4.0,15,17,1.0922932052926577
tide_high,1.5,255.0,24.0,16,0,0.9351275813412607
tide_high,1.5,255.0,22.5,16,1,0.9507527867060486
tide_high,1.5,255.0,20.5,16,2,0.9741951819652652
tide_high,1.5,255.0,18.5,16,3,1.0005464557870418
tide_high,1.5,255.0,16.5,16,4,1.0291471659276283
tide_high,1.5,255.0,15.0,16,5,1.0512563783375484
tide_high,1.5,255.0,14.0,16,6,1.0658794172534696
tide_high,1.5,255.0,12.5,16,7,1.0870382939076177
tide_high,1.5,255.0,11.0,16,8,1.1066698350290607
tide_high,1.5,255.0,10.0,16,9,1.1187071440950993
tide_high,1.5,255.0,9.0,16,10,1.1298904498502664
tide_high,1.5,255.0,8.0,16,11,1.1403309478046662
tide_high,1.5,255.0,7.5,16,12,1.1453421039796972
tide_high,1.5,255.0,7.0,16,13,1.1502689502628916
tide_high,1.5,255.0,6.5,16,14,1.155165858485478
tide_high,1.5,255.0,6.0,16,15,1.160099723024685
tide_high,1.5,255.0,5.0,16,16,1.1704291629177495
tide_high,1.5,255.0,4.0,16,17,1.1822358154793007
tide_high,1.5,270.0,24.0,17,0,1.0007378340176998
tide_high,1.5,270.0,22.5,17,1,1.0175943387951805
tide_high,1.5,270.0,20.5,17,2,1.044743316002875
tide_high,1.5,270.0,18.5,17,3,1.0774079285426332
tide_high,1.5,270.0,16.5,17,4,1.113796628190316
tide_high,1.5,270.0,15.0,17,5,1.1412860209305986
tide_high,1.5,270.0,14.0,17,6,1.1587366349192778
tide_high,1.5,270.0,12.5,17,7,1.1825514850900238
tide_high,1.5,270.0,11.0,17,8,1.2026552153802779
tide_high,1.5,270.0,10.0,17,9,1.2136951835671481
tide_high,1.5,270.0,9.0,17,10,1.2227720943330738
tide_high,1.5,270.0,8.0,17,11,1.2299489470596456
tide_high,1.5,270.0,7.5,17,12,1.2328823620307352
tide_high,1.5,270.0,7.0,17,13,1.2354315642976093
tide_high,1.5,270.0,6.5,17,14,1.2376536746365427
tide_high,1.5,270.0,6.0,17,15,1.2396249117839604
tide_high,1.5,270.0,5.0,17,16,1.2432602668867034
tide_high,1.5,270.0,4.0,17,17,1.2477174358168883
tide_high,1.5,285.0,24.0,18,0,1.0715785997942346
tide_high,1.5,285.0,22.5,18,1,1.086878111643056
tide_high,1.5,285.0,20.5,18,2,1.1146734306805612
tide_high,1.5,285.0,18.5,18,3,1.1544123533955872
tide_high,1.5,285.0,16.5,18,4,1.1977548577316264
tide_high,1.5,285.0,15.0,18,5,1.225856115433705
tide_high,1.5,285.0,14.0,18,6,1.2418863430648561
tide_high,1.5,285.0,12.5,18,7,1.2618472642108491
tide_high,1.5,285.0,11.0,18,8,1.2766385434156593
tide_high,1.5,285.0,10.0,18,9,1.2834747314071226
tide_high,1.5,285.0,9.0,18,10,1.2878502273963108
tide_high,1.5,285.0,8.0,18,11,1.2898230996809577
tide_high,1.5,285.0,7.5,18,12,1.2899599864703868
tide_high,1.5,285.0,7.0,18,13,1.2895798217603545
tide_high,1.5,285.0,6.5,18,14,1.288739827362722
tide_high,1.5,285.0,6.0,18,15,1.2875213911462149
tide_high,1.5,285.0,5.0,18,16,1.2844696885259665
tide_high,1.5,285.0,4.0,18,17,1.2821832649923248
tide_high,1.5,300.0,24.0,19,0,1.1661062439713956
tide_high,1.5,300.0,22.5,19,1,1.1810594999294017
tide_high,1.5,300.0,20.5,19,2,1.2065046186537653
tide_high,1.5,300.0,18.5,19,3,1.2392475556261129
tide_high,1.5,300.0,16.5,19,4,1.272716485870339
tide_high,1.5,300.0,15.0,19,5,1.292516549210855
tide_high,1.5,300.0,14.0,19,6,1.302646579349585
tide_high,1.5,300.0,12.5,19,7,1.3133924754966388
tide_high,1.5,300.0,11.0,19,8,1.3188187526642365
tide_high,1.5,300.0,10.0,19,9,1.3194527793664848
tide_high,1.5,300.0,9.0,19,10,1.317696101851166
tide_high,1.5,300.0,8.0,19,11,1.313592683511279
tide_high,1.5,300.0,7.5,19,12,1.3106981366012196
tide_high,1.5,300.0,7.0,19,13,1.3072809394317608
tide_high,1.5,300.0,6.5,19,14,1.303391878455391
tide_high,1.5,300.0,6.0,19,15,1.2991106549998404
tide_high,1.5,300.0,5.0,19,16,1.289949450337741
tide_high,1.5,300.0,4.0,19,17,1.2819782457986881
tide_high,1.5,315.0,24.0,20,0,1.2599021027490458
tide_high,1.5,315.0,22.5,20,1,1.2731751058672895
tide_high,1.5,315.0,20.5,20,2,1.2910050568251843
tide_high,1.5,315.0,18.5,20,3,1.3073199722437006
tide_high,1.5,315.0,16.5,20,4,1.3196305872311997
tide_high,1.5,315.0,15.0,20,5,1.3249388448328765
tide_high,1.5,315.0,14.0,20,6,1.3263558910752202
tide_high,1.5,315.0,12.5,20,7,1.32524027842233
tide_high,1.5,315.0,11.0,20,8,1.3201944688318266
tide_high,1.5,315.0,10.0,20,9,1.3145702577344527
tide_high,1.5,315.0,9.0,20,10,1.3070638033508726
tide_high,1.5,315.0,8.0,20,11,1.2976297596728323
tide_high,1.5,315.0,7.5,20,12,1.2921905482491276
tide_high,1.5,315.0,7.0,20,13,1.2862854220797315
tide_high,1.5,315.0,6.5,20,14,1.2799462243298236
tide_high,1.5,315.0,6.0,20,15,1.2732367906791893
tide_high,1.5,315.0,5.0,20,16,1.2592958152423912
tide_high,1.5,315.0,4.0,20,17,1.2471359016386308
tide_high,1.5,330.0,24.0,21,0,1.3083072596116065
tide_high,1.5,330.0,22.5,21,1,1.318575110628759
tide_high,1.5,330.0,20.5,21,2,1.3292478219709383
tide_high,1.5,330.0,18.5,21,3,1.3311904272293327
tide_high,1.5,330.0,16.5,21,4,1.32267244511667
tide_high,1.5,330.0,15.0,21,5,1.3121173247129796
tide_high,1.5,330.0,14.0,21,6,1.3043085579471843
tide_high,1.5,330.0,12.5,21,7,1.292100119674596
tide_high,1.5,330.0,11.0,21,8,1.27841062766115
tide_high,1.5,330.0,10.0,21,9,1.2680288441664693
tide_high,1.5,330.0,9.0,21,10,1.256470879144599
tide_high,1.5,330.0,8.0,21,11,1.2436268071765642
tide_high,1.5,330.0,7.5,21,12,1.236685994591049
tide_high,1.5,330.0,7.0,21,13,1.229379153917451
tide_high,1.5,330.0,6.5,21,14,1.2216978539879788
tide_high,1.5,330.0,6.0,21,15,1.21365586103758
tide_high,1.5,330.0,5.0,21,16,1.1969020220534248
tide_high,1.5,330.0,4.0,21,17,1.1821323885719786
tide_high,1.5,345.0,24.0,22,0,1.283260511730811
tide_high,1.5,345.0,22.5,22,1,1.2883282466375388
tide_high,1.5,345.0,20.5,22,2,1.2899749349696927
tide_high,1.5,345.0,18.5,22,3,1.2830481594488243
tide_high,1.5,345.0,16.5,22,4,1.2661157308445177
tide_high,1.5,345.0,15.0,22,5,1.24836630587897
tide_high,1.5,345.0,14.0,22,6,1.2356856777865963
tide_high,1.5,345.0,12.5,22,7,1.21662170861173
tide_high,1.5,345.0,11.0,22,8,1.1971853929454608
tide_high,1.5,345.0,10.0,22,9,1.183964774700136
tide_high,1.5,345.0,9.0,22,10,1.170596788010317
tide_high,1.5,345.0,8.0,22,11,1.1570852701092853
tide_high,1.5,345.0,7.5,22,12,1.150228283299365
tide_high,1.5,345.0,7.0,22,13,1.1432392474794684
tide_high,1.5,345.0,6.5,22,14,1.1360376755879085
tide_high,1.5,345.0,6.0,22,15,1.128521918723139
tide_high,1.5,345.0,5.0,22,16,1.112263109909599
tide_high,1.5,345.0,4.0,22,17,1.0964736034029332
tide_high,1.5,360.0,24.0,23,0,1.187617896737033
tide_high,1.5,360.0,22.5,23,1,1.1893342314626825
tide_high,1.5,360.0,20.5,23,2,1.1863374288776778
tide_high,1.5,360.0,18.5,23,3,1.1753509752181037
tide_high,1.5,360.0,16.5,23,4,1.155766571795919
tide_high,1.5,360.0,15.0,23,5,1.1364082677554526
tide_high,1.5,360.0,14.0,23,6,1.1220594601417568
tide_high,1.5,360.0,12.5,23,7,1.0996896227287456
tide_high,1.5,360.0,11.0,23,8,1.0779140824918356
tide_high,1.5,360.0,10.0,23,9,1.064593338224378
tide_high,1.5,360.0,9.0,23,10,1.052797064146524
tide_high,1.5,360.0,8.0,23,11,1.0428756693703094
tide_high,1.5,360.0,7.5,23,12,1.0386330287028351
tide_high,1.5,360.0,7.0,23,13,1.0347904138856725
tide_high,1.5,360.0,6.5,23,14,1.031199467039205
tide_high,1.5,360.0,6.0,23,15,1.0276144041103867
tide_high,1.5,360.0,5.0,23,16,1.0190170898373763
tide_high,1.5,360.0,4.0,23,17,1.0072310622886287
